INSERT INTO sys_sequence(code, no) VALUES ('auth_role', 4);


INSERT INTO auth_resource VALUES (0, 'ACCOUNT_LOGIN', '用户登录', 103, '/account/login', 2, 'POST', NULL, 1, NULL, NULL);
INSERT INTO auth_resource VALUES (1, 'GROUP_ACCOUNT', '账户系列', 110, '', 3, 'POST', NULL, 1, NULL, NULL);
INSERT INTO auth_resource VALUES (2, 'USER_MAGE', '用户管理', -1, '', 1, 'POST', 'fa fa-user', 1, NULL, NULL);
INSERT INTO auth_resource VALUES (3, 'RESOURCE_MAGE', '资源配置', -1, '', 1, 'POST', 'fa fa-pie-chart', 1, NULL, NULL);
INSERT INTO auth_resource VALUES (4, 'MENU_MANAGE', '菜单管理', 106, '/index/menu', 1, 'POST', 'fa fa-th', 1, NULL, NULL);
INSERT INTO auth_resource VALUES (5, 'API_MANAGE', 'API管理', 106, '/index/api', 1, NULL, 'fa fa-share', 1, '2018-04-07 09:40:24', '2018-04-07 09:40:24');
INSERT INTO auth_resource VALUES (6, 'CATEGORY_GROUP', '分类集合(API类别请放入此集合)', -1, NULL, 3, NULL, NULL, 1, '2018-04-07 14:27:58', '2018-04-07 14:27:58');
INSERT INTO auth_resource VALUES (7, 'ACCOUNT_REGISTER', '用户注册', 103, '/account/register', 2, 'POST', NULL, 1, '2018-04-07 16:21:45', '2018-04-07 16:21:45');
INSERT INTO auth_resource VALUES (8, 'GROUP_USER', '用户系列', 110, '', 3, 'GET', NULL, 1, '2018-04-07 16:31:01', '2018-04-07 16:31:01');
INSERT INTO auth_resource VALUES (9, 'ROLE_MANAGE', '角色管理', 106, '/index/role', 1, NULL, 'fa fa-adjust', 1, '2018-04-08 05:36:31', '2018-04-08 05:36:31');
INSERT INTO auth_resource VALUES (10, 'GROUP_RESOURCE', '资源系列', 110, NULL, 3, NULL, NULL, 1, '2018-04-09 02:29:14', '2018-04-09 02:29:14');
INSERT INTO auth_resource VALUES (11, 'USER_ROLE_APPID', '获取对应用户角色', 115, '/user/role/*', 2, 'GET', NULL, 1, '2018-04-12 03:07:22', '2018-04-12 03:07:22');
INSERT INTO auth_resource VALUES (12, 'USER_LIST', '获取用户列表', 115, '/user/list', 2, 'GET', NULL, 1, '2018-04-12 03:08:30', '2018-04-12 03:08:30');
INSERT INTO auth_resource VALUES (13, 'USER_AUTHORITY_ROLE', '给用户授权添加角色', 115, '/user/authority/role', 2, 'POST', NULL, 1, '2018-04-12 03:15:56', '2018-04-12 03:15:56');
INSERT INTO auth_resource VALUES (14, 'USER_AUTHORITY_ROLE', '删除已经授权的用户角色', 115, '/user/authority/role', 2, 'DELETE', NULL, 1, '2018-04-12 03:29:03', '2018-04-12 03:29:03');
INSERT INTO auth_resource VALUES (15, 'RESOURCE_AUTORITYMENU', '获取用户被授权菜单', 118, '/resource/authorityMenu', 2, 'GET', NULL, 1, '2018-04-12 05:30:03', '2018-04-12 05:30:03');
INSERT INTO auth_resource VALUES (16, 'RESOURCE_MENUS', '获取全部菜单列', 118, '/resource/menus', 2, 'GET', NULL, 1, '2018-04-12 05:42:46', '2018-04-12 05:42:46');
INSERT INTO auth_resource VALUES (17, 'RESOURCE_MENU', '增加菜单', 118, '/resource/menu', 2, 'POST', NULL, 1, '2018-04-12 06:15:39', '2018-04-12 06:15:39');
INSERT INTO auth_resource VALUES (18, 'RESOURCE_MENU', '修改菜单', 118, '/resource/menu', 2, 'PUT', NULL, 1, '2018-04-12 06:16:35', '2018-04-12 06:16:35');
INSERT INTO auth_resource VALUES (19, 'RESOURCE_MENU', '删除菜单', 118, '/resource/menu', 2, 'DELETE', NULL, 1, '2018-04-12 06:17:18', '2018-04-12 06:17:18');
INSERT INTO auth_resource VALUES (20, 'RESOURCE_API', '获取API list', 118, '/resource/api/*/*/*', 2, 'GET', NULL, 1, '2018-04-12 06:18:02', '2018-04-12 06:18:02');
INSERT INTO auth_resource VALUES (21, 'RESOURCE_API', '增加API', 118, '/resource/api', 2, 'POST', NULL, 1, '2018-04-12 06:18:42', '2018-04-12 06:18:42');
INSERT INTO auth_resource VALUES (22, 'RESOURCE_API', '修改API', 118, '/resource/api', 2, 'PUT', NULL, 1, '2018-04-12 06:19:32', '2018-04-12 06:19:32');
INSERT INTO auth_resource VALUES (23, 'RESOURCE_API', '删除API', 118, '/resource/api', 2, 'DELETE', NULL, 1, '2018-04-12 06:20:03', '2018-04-12 06:20:03');
INSERT INTO auth_resource VALUES (24, 'GROUP_ROLE', '角色系列', 110, NULL, 3, NULL, NULL, 1, '2018-04-12 06:22:02', '2018-04-12 06:22:02');
INSERT INTO auth_resource VALUES (25, 'ROLE_USER', '获取角色关联用户列表', 132, '/role/user/*/*/*', 2, 'GET', NULL, 1, '2018-04-12 06:22:59', '2018-04-12 06:22:59');
INSERT INTO auth_resource VALUES (26, 'ROLE_USER', '获取角色未关联用户列表', 132, '/role/user/-/*/*/*', 2, 'GET', NULL, 1, '2018-04-12 06:24:09', '2018-04-12 06:24:09');
INSERT INTO auth_resource VALUES (27, 'ROLE_API', '获取角色关联API资源', 132, '/role/api/*/*/*', 2, 'GET', NULL, 1, '2018-04-12 06:25:32', '2018-04-12 06:25:32');
INSERT INTO auth_resource VALUES (28, 'ROLE_API', '获取角色未关联API资源', 132, '/role/api/-/*/*/*', 2, 'GET', NULL, 1, '2018-04-12 06:26:12', '2018-04-12 06:26:12');
INSERT INTO auth_resource VALUES (29, 'ROLE_MENU', '获取角色关联菜单资源', 132, '/role/menu/*/*/*', 2, 'GET', NULL, 1, '2018-04-12 06:27:20', '2018-04-12 06:27:20');
INSERT INTO auth_resource VALUES (30, 'ROLE_MENU', '获取角色未关联菜单资源', 132, '/role/menu/-/*/*/*', 2, 'GET', NULL, 1, '2018-04-12 06:27:56', '2018-04-12 06:27:56');
INSERT INTO auth_resource VALUES (31, 'ROLE_AUTHORITY_RESOURCE', '授权资源给角色', 132, '/role/authority/resource', 2, 'POST', NULL, 1, '2018-04-12 06:29:45', '2018-04-12 06:29:45');
INSERT INTO auth_resource VALUES (32, 'ROLE_AUTHORITY_RESOURCE', '删除角色的授权资源', 132, '/role/authority/resource', 2, 'DELETE', NULL, 1, '2018-04-12 06:31:12', '2018-04-12 06:31:12');
INSERT INTO auth_resource VALUES (33, 'ROLE', '获取角色LIST', 132, '/role/*/*', 2, 'GET', NULL, 1, '2018-04-12 06:32:34', '2018-04-12 06:32:34');
INSERT INTO auth_resource VALUES (34, 'ROLE', '添加角色', 132, '/role', 2, 'POST', NULL, 1, '2018-04-12 06:33:25', '2018-04-12 06:33:25');
INSERT INTO auth_resource VALUES (35, 'USER', '更新角色', 132, '/role', 2, 'PUT', NULL, 1, '2018-04-12 06:34:27', '2018-04-12 06:34:27');
INSERT INTO auth_resource VALUES (36, 'ROLE', '删除角色', 132, '/role', 2, 'DELETE', NULL, 1, '2018-04-12 06:35:15', '2018-04-12 06:35:15');
INSERT INTO auth_resource VALUES (37, 'LOG_WATCH', '日志记录', 104, '/index/log', 1, NULL, 'fa fa-rss-square', 1, '2018-04-22 08:12:24', '2018-04-22 08:12:24');

DELETE FROM auth_resource WHERE id IN (1,7);


INSERT INTO auth_role(id, code, name, status, create_time, update_time) VALUES (1, 'role_admin', '管理员角色', 1, '2020-12-07 05:50:39', '2020-12-07 05:50:39');
INSERT INTO auth_role(id, code, name, status, create_time, update_time) VALUES (2, 'role_user', '用户角色', 1, '2020-12-07 05:50:39', '2020-12-07 05:50:39');
INSERT INTO auth_role(id, code, name, status, create_time, update_time) VALUES (3, 'role_guest', '访客角色', 2, '2020-12-07 05:50:39', '2020-12-07 05:50:39');
INSERT INTO auth_role(id, code, name, status, create_time, update_time) VALUES (4, 'role_anno', '非角色', 3, '2020-12-07 05:50:39', '2020-12-07 05:50:39');


INSERT INTO auth_role_resource(id, role_id, resource_id, create_time, update_time) VALUES (0, 0, 0, '2020-11-27 09:10:57', '2020-11-27 09:10:57');
INSERT INTO auth_role_resource(id, role_id, resource_id, create_time, update_time) VALUES (1, 0, 1, '2020-11-27 09:10:57', '2020-11-27 09:10:57');
INSERT INTO auth_role_resource(id, role_id, resource_id, create_time, update_time) VALUES (2, 0, 2, '2020-11-27 09:10:57', '2020-11-27 09:10:57');
INSERT INTO auth_role_resource(id, role_id, resource_id, create_time, update_time) VALUES (3, 0, 3, '2020-11-27 09:10:57', '2020-11-27 09:10:57');
INSERT INTO auth_role_resource(id, role_id, resource_id, create_time, update_time) VALUES (4, 0, 4, '2020-11-27 09:10:57', '2020-11-27 09:10:57');
INSERT INTO auth_role_resource(id, role_id, resource_id, create_time, update_time) VALUES (5, 0, 5, '2020-11-27 09:10:57', '2020-11-27 09:10:57');
INSERT INTO auth_role_resource(id, role_id, resource_id, create_time, update_time) VALUES (6, 0, 6, '2020-11-27 09:10:57', '2020-11-27 09:10:57');
INSERT INTO auth_role_resource(id, role_id, resource_id, create_time, update_time) VALUES (7, 0, 7, '2020-11-27 09:10:57', '2020-11-27 09:10:57');
INSERT INTO auth_role_resource(id, role_id, resource_id, create_time, update_time) VALUES (8, 0, 8, '2020-11-27 09:10:57', '2020-11-27 09:10:57');
INSERT INTO auth_role_resource(id, role_id, resource_id, create_time, update_time) VALUES (9, 0, 9, '2020-11-27 09:10:57', '2020-11-27 09:10:57');
INSERT INTO auth_role_resource(id, role_id, resource_id, create_time, update_time) VALUES (10, 0, 10, '2020-11-27 09:10:57', '2020-11-27 09:10:57');
INSERT INTO auth_role_resource(id, role_id, resource_id, create_time, update_time) VALUES (11, 0, 11, '2020-11-27 09:10:57', '2020-11-27 09:10:57');
INSERT INTO auth_role_resource(id, role_id, resource_id, create_time, update_time) VALUES (12, 0, 12, '2020-11-27 09:10:57', '2020-11-27 09:10:57');
INSERT INTO auth_role_resource(id, role_id, resource_id, create_time, update_time) VALUES (13, 0, 13, '2020-11-27 09:10:57', '2020-11-27 09:10:57');
INSERT INTO auth_role_resource(id, role_id, resource_id, create_time, update_time) VALUES (14, 0, 14, '2020-11-27 09:10:57', '2020-11-27 09:10:57');
INSERT INTO auth_role_resource(id, role_id, resource_id, create_time, update_time) VALUES (15, 0, 15, '2020-11-27 09:10:57', '2020-11-27 09:10:57');
INSERT INTO auth_role_resource(id, role_id, resource_id, create_time, update_time) VALUES (16, 0, 16, '2020-11-27 09:10:57', '2020-11-27 09:10:57');
INSERT INTO auth_role_resource(id, role_id, resource_id, create_time, update_time) VALUES (17, 0, 17, '2020-11-27 09:10:57', '2020-11-27 09:10:57');
INSERT INTO auth_role_resource(id, role_id, resource_id, create_time, update_time) VALUES (18, 0, 18, '2020-11-27 09:10:57', '2020-11-27 09:10:57');
INSERT INTO auth_role_resource(id, role_id, resource_id, create_time, update_time) VALUES (19, 0, 19, '2020-11-27 09:10:57', '2020-11-27 09:10:57');
INSERT INTO auth_role_resource(id, role_id, resource_id, create_time, update_time) VALUES (20, 0, 20, '2020-11-27 09:10:57', '2020-11-27 09:10:57');
INSERT INTO auth_role_resource(id, role_id, resource_id, create_time, update_time) VALUES (21, 0, 21, '2020-11-27 09:10:57', '2020-11-27 09:10:57');
INSERT INTO auth_role_resource(id, role_id, resource_id, create_time, update_time) VALUES (22, 0, 22, '2020-11-27 09:10:57', '2020-11-27 09:10:57');
INSERT INTO auth_role_resource(id, role_id, resource_id, create_time, update_time) VALUES (23, 0, 23, '2020-11-27 09:10:57', '2020-11-27 09:10:57');
INSERT INTO auth_role_resource(id, role_id, resource_id, create_time, update_time) VALUES (24, 0, 24, '2020-11-27 09:10:57', '2020-11-27 09:10:57');
INSERT INTO auth_role_resource(id, role_id, resource_id, create_time, update_time) VALUES (25, 0, 25, '2020-11-27 09:10:57', '2020-11-27 09:10:57');
INSERT INTO auth_role_resource(id, role_id, resource_id, create_time, update_time) VALUES (26, 0, 26, '2020-11-27 09:10:57', '2020-11-27 09:10:57');
INSERT INTO auth_role_resource(id, role_id, resource_id, create_time, update_time) VALUES (27, 0, 27, '2020-11-27 09:10:57', '2020-11-27 09:10:57');
INSERT INTO auth_role_resource(id, role_id, resource_id, create_time, update_time) VALUES (28, 0, 28, '2020-11-27 09:10:57', '2020-11-27 09:10:57');
INSERT INTO auth_role_resource(id, role_id, resource_id, create_time, update_time) VALUES (29, 0, 29, '2020-11-27 09:10:57', '2020-11-27 09:10:57');
INSERT INTO auth_role_resource(id, role_id, resource_id, create_time, update_time) VALUES (30, 0, 30, '2020-11-27 09:10:57', '2020-11-27 09:10:57');
INSERT INTO auth_role_resource(id, role_id, resource_id, create_time, update_time) VALUES (31, 0, 31, '2020-11-27 09:10:57', '2020-11-27 09:10:57');
INSERT INTO auth_role_resource(id, role_id, resource_id, create_time, update_time) VALUES (32, 0, 32, '2020-11-27 09:10:57', '2020-11-27 09:10:57');
INSERT INTO auth_role_resource(id, role_id, resource_id, create_time, update_time) VALUES (33, 0, 33, '2020-11-27 09:10:57', '2020-11-27 09:10:57');
INSERT INTO auth_role_resource(id, role_id, resource_id, create_time, update_time) VALUES (34, 0, 34, '2020-11-27 09:10:57', '2020-11-27 09:10:57');
INSERT INTO auth_role_resource(id, role_id, resource_id, create_time, update_time) VALUES (35, 0, 35, '2020-11-27 09:10:57', '2020-11-27 09:10:57');
INSERT INTO auth_role_resource(id, role_id, resource_id, create_time, update_time) VALUES (36, 0, 36, '2020-11-27 09:10:57', '2020-11-27 09:10:57');
INSERT INTO auth_role_resource(id, role_id, resource_id, create_time, update_time) VALUES (37, 0, 37, '2020-11-27 09:10:57', '2020-11-27 09:10:57');
